Hospital,Type,Review_Date,Review_Text
Safdarjung_Gov,Government,3 weeks ago,"â€œVMMC & Safdarjung Hospital in Delhi is one of the major government hospitals serving a high volume of patients with comprehensive medical services. Many people appreciate that it is affordable and accessible, with experienced doctors and a â€¦"
Safdarjung_Gov,Government,2 months ago,"I would like to express my sincere appreciation to the entire team of Safdarjung Hospital. Every time I have visited, the doctors, nurses, and staff have treated us with utmost care, respect, and professionalism. Their timely response, â€¦"
Safdarjung_Gov,Government,a month ago,"I am writing to express my serious concern regarding the conduct of Dr. Preeti Gupta, Cardiology Specialist, who attends OPD on Tuesdays and Fridays. â€¦"
Safdarjung_Gov,Government,4 weeks ago,"While there are some good doctors, often only one or two in departments like Endocrinology or Cardiology truly stand out. My experiences with ssbNeurology (Room 222) were the worst; the doctors there seemed to avoid treating patients â€¦"
Safdarjung_Gov,Government,a month ago,"This was one of the most distressing and disappointing experiences of my life.

Safdarjung Hospital appears to rely heavily on trainee and resident doctors, â€¦"
Safdarjung_Gov,Government,4 weeks ago,"Timely treatment,  kind doctors and very helpful staffs. One of delhi's best hospital..I was admitted here over 15 years ago and had a pleasant experience.  Keep it up."
Safdarjung_Gov,Government,a month ago,"""Thank you so much to sabdarjung hospital. My father had a very serious accident, but because of the excellent care and support from the doctors and staff, everything went smoothly... A special thanks to santosh sir, shrivastav sir, and the entire surgery team. We are truly grateful to all of you ""ðŸ©·ðŸª» â€¦"
Safdarjung_Gov,Government,4 months ago,"The surgeons in this hospital are all good but the doctors in the OPD ward are all very useless, they neither listen nor say anything, when asked they say who are you talking to, I am a doctor. â€¦"
Safdarjung_Gov,Government,a month ago,"The hospital provides good medical care with clean facilities and well-maintained surroundings. The doctors and staff are polite, supportive, and attentive to patients"
Safdarjung_Gov,Government,3 years ago,One of the best hospitals available in new delhi with all modern equipments and a hub of advance medical services partially governed by the Indian government. It comes with all major departments with better experience faculty and staff and â€¦
Safdarjung_Gov,Government,4 months ago,"The staff here are extremely unprofessional and unhelpful. They never provide clear information, and if you ask again, they respond rudely as if they are doing you a favor. â€¦"
Safdarjung_Gov,Government,7 years ago,"The doctors here at Safdarjung are really experienced but the only thing is patients are way too many! So, one needs to have patience while coming here for treatment. Now, the hospital even has the facility to book appointment online, just â€¦"
Safdarjung_Gov,Government,4 months ago,Very cheap facility. No one listens. Nothing is available. Even a patient has to roam around 7-8 hour for a single pill or injection on multiple counters. No courtesy very rude staff and Doctors. Worst hospital of Delhi
Safdarjung_Gov,Government,3 months ago,"I got a serious Infection in my body Which Was started from a Normal Bicep rupture, Later it started causing pain in my leg making it hard to walk , Then i went to Safdarjung hospital Emergency to know the cause and get medicine, They Gave â€¦"
Safdarjung_Gov,Government,3 years ago,"Government Hospital in Delhi.

It is located in the South Delhi Near AIIMS. â€¦"
Safdarjung_Gov,Government,2 weeks ago,"Request, Emergency staff should admit the patient if serious case instead of saying go to OPD My mother died on 13th jan-26. Since 12th jan-26 we were following up with emergency department and after checking stone and unstoppable pain even â€¦"
Safdarjung_Gov,Government,2 months ago,"very poor experience, no hygiene, no care, nurse staffs and doctors are very rude. No basic facilities, no proper doctors available in the ward room for  a checkup ,only single bed is there for 3 patients. Government should look out in this. A BIG NO for the pregnant women. SAY NO TO SAFDURJUNG"
Safdarjung_Gov,Government,5 months ago,"Extremely disappointing experience. The hospital provides zero patient careâ€”staff are rude, unhelpful, and often outright ignorant. Doctors seem more occupied with their personal lives and mobile phones than with the patients. Repeated â€¦"
Safdarjung_Gov,Government,3 months ago,"This hospital has lack of grievance redressal mechanism, they are saying sorry instead of solving my problem. And the doctor are writing medicine which is either not provided by the government or not available or which is available in â€¦"
Safdarjung_Gov,Government,4 months ago,Why is ever govt org the same? Been tryjng to reach the sports injury centre- the phone is unreachable. The genral contact number is unresponsive and if anyone picks up theyâ€™ll tell youbthat thats the only number. Youll have to come and â€¦
Safdarjung_Gov,Government,7 years ago,Safdarjang is old than aiims. Here all kinds of treatment available. Now ssb building have started. Huge number of patient come daily. It's service is good may best. Here you will meet with very talented doctors. Discipline of this hospital â€¦
Safdarjung_Gov,Government,6 months ago,"This hospital has been a very disappointing experience. The wait times are extremely long, and the overall management is poor. A particularly upsetting incident happened with a staff member named Nisha Devi, who sits outside the ECG room. â€¦"
Safdarjung_Gov,Government,9 months ago,People says that doctors are god face but in my experience doctors of sufdarjung in GRR department are not even human . They even donâ€™t know how to talk nicely they treats everyone like their servants. I would never recommend this hospital. â€¦
Safdarjung_Gov,Government,2 years ago,"One of the best hospital in the country , working 24by7 in the service of the community.
All thanks to the doctors and nursing staff working here."
Safdarjung_Gov,Government,5 months ago,I am writing to bring to your urgent attention a deeply disturbing and unethical practice happening at Safdarjung Hospitalâ€™s Obstetrics & Gynaecology Department. â€¦
Safdarjung_Gov,Government,7 years ago,"The star I gave was for the emergency dept./ building. But, as for other building and dept. No star.
The hospital has good emergency facilities and buildings..but, the wards are so â€¦"
Safdarjung_Gov,Government,3 months ago,"No one should go to this hospital, it is useless, this doctor is rude and the guard is even more rude, he doesn't have the manners to talk to anyone, I advise you not to go there.Only those students who are studying see the patients."
Safdarjung_Gov,Government,6 years ago,"Largest opd in Asia approx 10 lac/month.
1, 2counter for.new registration.3 for revisit .
5,6 online OPD ,male& female respectively. â€¦"
Safdarjung_Gov,Government,7 years ago,It was a big hospital no doubt but the staff here was so rude and hardly supportive. They will keep sending you here and there just to avoid their work and wait till you do something wrong and then they tell you that it's your mistake now. â€¦
Safdarjung_Gov,Government,4 months ago,Nursing staff is very bad and cleaning is 3rd class ! many time gutka spots in lift but not cleaning ! hygiene is not maintaine
Safdarjung_Gov,Government,7 months ago,"I don't know about all the departments, but the doctors in the family planning department are extremely rude and inhumane. They don't even know how to talk properly â€” they speak as if we are their servants or animalsðŸ˜¡. â€¦"
Safdarjung_Gov,Government,5 years ago,Very good doctors....doctor listens to the patient carefully....and also help patient in each ad everyway ....very helpful environment....doctors are very good compared to other private hospital. â€¦
Safdarjung_Gov,Government,2 years ago,"Vmmc is one of the best medical colleges in India.Vardhman Mahavir Medical College was established at Safdarjang hospital in November 2001, Everything is available here canteen,central library ,sports ground...apart from that the college â€¦"
Safdarjung_Gov,Government,a month ago,Good hospital. Take time bt treatment process very good.
Safdarjung_Gov,Government,a month ago,Very bad experience Doctors in emergencies are very rude refuse to admit the patient also they scared them patient so they will go back to some other places
Safdarjung_Gov,Government,7 years ago,Sadar Jung is the best hospital in India and if you have any problem then you should visit this Hospital it is near about i n a and Ring Road when you have a major problem then you should come here Safdarjung have all departments and it is â€¦
Safdarjung_Gov,Government,7 months ago,"I had heard that this was such a big hospital with experienced staff, but in my entire life, I have never seen a worse hospital or doctors than this . They almost killed my mother. The behavior was so terrible, so rude, itâ€™s hard to â€¦"
Safdarjung_Gov,Government,7 years ago,"I was in Najafgarh since 20 years and many times I visited at Safdarjung Hospital. My expirience is horrible about views mostly.Infrastructure-The hospital is having a hug place and collage, traning center, & more many things are available â€¦"
Safdarjung_Gov,Government,7 months ago,"This hospital is large and always overcrowded, but the quality of treatment here is only average. There are very few beds, and it's common to see two patients sharing one bed in the medicine department. Often, patients are even treated â€¦"
Safdarjung_Gov,Government,a year ago,"Vmmc and Safdarjung Hospital, New Delhi, is a government hospital with high class facility and comes top of Indian hospitals, I'm sharing photos of Mosque located in Safdarjung Hospital at date 14 October 2024"
Safdarjung_Gov,Government,11 months ago,"I recommend you. If you are financially strong, then please don't go to safdarjung or any government hospital. There is more crowd and you have to wait or patience. If you are visiting for OPD, then your waiting period will be 5 or 7 or 12 â€¦"
Safdarjung_Gov,Government,8 years ago,"Very good hospital there is very responsible Doctar and security
Everything is clean here but the rest room it doesn't clean as well
But here Doctar look patient at the time the either night swift they don't sleep â€¦"
Safdarjung_Gov,Government,a year ago,"The most useless hospitals of India. This is Safdarganj hospital, from the staff to the doctors, everyone here is careless, neither do these people take risks nor do they take any decisions, they just keep the patients fools."
Safdarjung_Gov,Government,8 years ago,"I had done my appointment one day before.I am new to the city but when I entered into the hospital,I was shocked by looking at the line. Although I have filled every detail in ORS portal,They told me to fill it up again.Which was taking a â€¦"
Safdarjung_Gov,Government,Edited 3 years ago,"Hospital services are good and from every corner of India people visit Safdarjung, people are satisfied with their policies. Keep it up!"
Safdarjung_Gov,Government,7 years ago,"# It's quite good hospital and college, Many students do their medical practices there, Hospital have all the modern equipment and machinery which are required, such as Pathology, radiology, Emergency, ICU, Specialist doctor and Medicine, â€¦"
Safdarjung_Gov,Government,7 months ago,"Very bad experience,  they don't want to take admission for treatment only want remove the patient from hospital. He told hear no ventilation and not treatment of cancer in emergency, come with opd for cancer treatment, but patient is not able to go opd because she is on oxygen support."
Safdarjung_Gov,Government,4 years ago,Food was not good at my time you can try once. Do not order instant order single single as per your taste because the paratha was bad. We have tried 4-5types of parthas all were bad in taste. Sitting seats are available on weekends also. Parking is also sufficient.
Safdarjung_Gov,Government,11 months ago,"If you want your patient live more never ever admitted here, recently I lost my father just because of negligence of doctors"
Safdarjung_Gov,Government,7 years ago,This is super speciality block with world class infrastructure and best doctors of each department.  Cleaning and security occurs on full swing.
AIIMS_Gov,Government,2 months ago,"AIIMS Delhi is no doubt one of the best government hospitals in India when it comes to medical expertise. The biggest plus is that most services are extremely affordable compared to private hospitals, which is a huge relief. â€¦"
AIIMS_Gov,Government,5 months ago,"âœ… In short:
AIIMS Delhi = excellent doctors + affordable care, but time-consuming, crowded, and bureaucratic experience. â€¦"
AIIMS_Gov,Government,5 months ago,AIIMS Delhi (All India Institute of Medical Sciences) is widely recognized as the top medical institution in Indiaâ€”a place where ambition meets opportunity and the reality of campus life is both intense and incredibly rewarding. â€¦
AIIMS_Gov,Government,3 weeks ago,"AIIMS need no reviews. World's best hospital in terms of doctor and their knowledge or skills. Hospital management is improving it still needs a lot of work for patient queues, waiting areas, doctors availability, proper doctor visit, â€¦"
AIIMS_Gov,Government,3 months ago,Easy to reach On Road Big Space fully Fascilitated Multi Speciality All India Institue of Medical Sciences AIIMS Delhi Hospital with lowest Fee and highest Fascilities.
AIIMS_Gov,Government,3 weeks ago,"Reviewers often praise the highly skilled medical professionals and the availability of advanced treatments at subsidized government rates.
The new OPD facility is noted for being spacious, clean, and better organized â€¦"
AIIMS_Gov,Government,2 weeks ago,"AIIMS Delhi is the worst!!!
My father had critically low haemoglobin, yet proper consultation did not happen at all. â€¦"
AIIMS_Gov,Government,a month ago,"To the Hon'ble Ministers, Officers, and Hospital Authorities,

I am writing to express my concern and seek clarification regarding the opening â€¦"
AIIMS_Gov,Government,2 weeks ago,The behaviour of security guards and some staff members at AIIMS is absolutely shameful and unacceptable. They clearly lack basic manners and do not know how to talk to patient attendants. Their tone and attitude make it feel as if we are â€¦
AIIMS_Gov,Government,10 months ago,"At AIIMS Delhi (Teaching Block), every second counts. Whether itâ€™s for students, doctors, or visitors, access to essentials should be quick, effortless, and always available. Thatâ€™s why a Wendor vending machine is right where it's â€¦"
AIIMS_Gov,Government,a year ago,"AIIMS Delhi in India is an excellent hospital having excellent infrastructure offering comprehensive solutions for various diseases. I have personally experienced its exceptional care during the cardiac surgeries of two close relatives, â€¦"
AIIMS_Gov,Government,a month ago,"Aiims delhi looks beautiful from outside but if you dive deeper than you know that this institute is a time taking centre where patient only waits.
My baby needs immediate surgery but from last one month they only passing the â€¦"
AIIMS_Gov,Government,3 weeks ago,"Overall itâ€™s good. But specifically I would like to mention about one doctor, she is Dr. Chaithra ranjanna aiims neurology senior resident. Sheâ€™s extremely rude and donâ€™t how to handle patients. She talked to me so rudely and indirectly â€¦"
AIIMS_Gov,Government,a year ago,This is the best hospital in our country. Minimum amount of fee is charged for facilities. Best doctor available compare to anywhere in the world. Best facilities and treatment available. You just have time for treatment because there is too much waiting period.
AIIMS_Gov,Government,Edited 10 months ago,AIIMS Delhi is a beacon of hope for those seeking world-class medical care. My experience at this esteemed institution was nothing short of exceptional. â€¦
AIIMS_Gov,Government,Edited a year ago,"To get treatment here, you have to take online appointment in advance or its slots are booked 1 month in advance. Or after standing in line at 2 AM at night, you get a token at 7 AM in the morning. Only the 30-40 people in line get the â€¦"
AIIMS_Gov,Government,11 months ago,"The All India Institute of Medical Sciences (AIIMS) in New Delhi is a premier institution known for its comprehensive healthcare services, medical education, and research. â€¦"
AIIMS_Gov,Government,a month ago,"The employees at AIIMS are extremely unhelpful. If a pregnant woman with an existing heart condition requests assistance, they behave very rudely and do not provide any support. For example, today I went to the hospital for my scheduled â€¦"
AIIMS_Gov,Government,3 years ago,There is no doubt that this place has great infrastructure and great building. Well maintained corridors. Staffs are also very generous. The travelling facility from one place to another is also appreciable as they offer good service but â€¦
AIIMS_Gov,Government,2 months ago,"In the Cardiothoracic Block (CT-6) Aiims Delhi , there was a young girl who had been waiting for her surgery for the past six months. She had been admitted to the hospital the entire time, but due to repeatedly delayed dates, her operation â€¦"
AIIMS_Gov,Government,2 years ago,"I kinda like this hospital. As it is a government hospital so it is a bit crowded and messy. Some of the departments don't even have a proper system.
But it is very cost friendly. We didn't get any any treatment done, just went â€¦"
AIIMS_Gov,Government,3 months ago,"My father was admitted to Ward AB2. Dr. Ankush's behavior was very poor. He forced me to buy medical supplies from a specific shop at a very high price even though another vendor was offering the same product for less than half the cost, I â€¦"
AIIMS_Gov,Government,2 years ago,"One of the best hospital. But you need to get appointment first otherwise it is not too easy to reach out to doctors.
OPD works only three days MONDAY, WEDNESDAY and FRIDAY for new patients. â€¦"
AIIMS_Gov,Government,Edited a year ago,AIIMS is a hospital for everyone from the poor to the rich. No other private hospital is equipped with so many facilities. The country trusts it. There is cleanliness and reliable doctors in this hospital. New Delhi
AIIMS_Gov,Government,2 years ago,"Hospital ho to AIIMS jaisa.
As this hospital helped me and my family in the conditions where we were unable to do something about it. â€¦"
AIIMS_Gov,Government,a year ago,"For every medical aspirant, it's a dream place. Lots of medical departments are there. For new visitors guidance is required. If any Xerox, medicine are required just visit the down metro station exit for purchase."
AIIMS_Gov,Government,2 years ago,"India's best hospital in Delhi (Capital). Now all things well. Proper direction, gatekeeper, instructor, with all facilities. For every critical disease, surgery all can safely operate. â€¦"
AIIMS_Gov,Government,Edited 3 years ago,It is one of the best and biggest hospital of all over India. Very professional doctors they listen to their patient and deal with them making them more comfortable. â€¦
AIIMS_Gov,Government,a year ago,My experience of going to AIIMS was very bad. There is a lot of crowd here. There are so many people everywhere that one feels pity after seeing them. It seems as if everyone has come to this hospital. Treatment is good if OPD card is made â€¦
AIIMS_Gov,Government,2 months ago,All india institute of medical science is One of the most visiting and most caring hospital in India. This hospital is neat and clean washrooms best comfortable beds.
AIIMS_Gov,Government,a year ago,"An Icon of Hope and Medical Excellence

AIIMS Delhi stands as a paragon of healthcare not only within India but across â€¦"
AIIMS_Gov,Government,Edited a year ago,"One of the highest rated Govt. hospitals of country.
Iconic build in 1950's with WHO support.
Recently underwent a revamp. â€¦"
AIIMS_Gov,Government,a month ago,"Test facilities like colour doppler, X ray so much takes time appointment one year but doctors are good excellent ðŸ‘Œ talks to patient â€¦"
AIIMS_Gov,Government,Edited a month ago,"We did not have a good experience. Doctors had very causal behaviour and talked rudely..we lost a family member due to this. We expected early recovery, we were also not allowed to meet, and the food they themseleves suggested, when food was ready, they denied that they told us in the first place"
AIIMS_Gov,Government,6 years ago,"No one want to visit this big hospital.
But if you have any problem in your body.
Then you should come here if you have patience. It takes time for your complete â€¦"
AIIMS_Gov,Government,3 months ago,"This message is about ""POSTPARTUM"" TRAUMA/DEPRESSION. I sincerely request to honourable medical practitioners of AIIMS to PLEASE produce a medicine that can help a WOMAN during postpartum phase. During this phase, where she should enjoy â€¦"
AIIMS_Gov,Government,5 months ago,Competency of doctors are beyond doubt but they donâ€™t have much time for patients due to huge load. Government should modernise the work culture of this hospital to avail digital services for record keeping. â€¦
AIIMS_Gov,Government,6 months ago,"Visited on a educational college trip. 10/10 premises, helpful staff and workers."
AIIMS_Gov,Government,a year ago,"AIIMS Delhi: A Beacon of Healing and Hope

ðŸŒŸðŸŒŸðŸŒŸðŸŒŸðŸŒŸ â€¦"
AIIMS_Gov,Government,Edited 2 years ago,The All India Institute of Medical Sciences (AIIMS) is an established healthcare institution that has made a name for itself in providing cost-effective medical services to individuals irrespective of their social and economic standing. â€¦
AIIMS_Gov,Government,5 years ago,"AIIMS is a india one of the best and biggest hospital.
Facility you got here are:-
..Each department is separated by a building. â€¦"
AIIMS_Gov,Government,2 months ago,No doubt about treatment in Aiims Hospital Doctor  is good But the security Guard behaviour in hospital is very Bad .He did not behaive to people Normally He thinks he have all rights same as police officer and did not understand the problem of patient attendant
AIIMS_Gov,Government,4 years ago,"India's one of BEST medical institute and hospital, AIIMS cures almost all diseases at very very thin cost, patient just have to pay surgery minimal cost, no doctors fee, neither bed charges are taken from patients, it's a Government â€¦"
AIIMS_Gov,Government,a month ago,"I had gone for a personal meeting. Very close to the Metro Station (<200m) . OPDs are very crowded, but the flow of patients and relatives is adequately regulated. Many pharmacies all around, from the Metro Station to the hospital and within it."
AIIMS_Gov,Government,8 months ago,Indian best doctor where their treatment is absolutely awesome but the run you do is absolutely free . You have to wait for many months for an operation this is the Beauty of there â˜ºï¸. Doctors are less and patients are more but the government does not increase government Seet why don't know.
AIIMS_Gov,Government,a year ago,Some doctor's are very Polite and helpful. Going there next month for a follow up appointment.
AIIMS_Gov,Government,6 years ago,"The best and biggest hospital in India. The best medical treatment done by the best doctors.
Although the cleanliness and administrative discipline lacks a lot in quality â€¦"
AIIMS_Gov,Government,3 months ago,"Great place for cancer treatment. Very good doctor and their team special mentioned of Dr. Ajay Gogia, who in my word is nothing short of excellencnt person, a very good doctor, who not provide good guidance of treatment but also helps each â€¦"
AIIMS_Gov,Government,8 years ago,"Best doctors, most advanced facilities, online service, very nominal fees for
Some tests, some test are free,  well located and good connectivity.  But the worst part is you should have enough time to get treatment  from AIIMS or you have â€¦"
AIIMS_Gov,Government,3 years ago,State of art. One of the best government hospital. The new surgery block is very good. State of OT Operation theatre and equipment is available.
RML_Gov,Government,3 weeks ago,"Dr. Ram Manohar Lohia Hospital (formerly Willingdon Hospital) is one of the most prominent central government hospitals in New Delhi. Located centrally near Connaught Place and the Parliament House, it serves as a crucial tertiary care â€¦"
RML_Gov,Government,a year ago,This hospital is located near North Avenue. The hospital campus is very big. Many people come to the outdoor facility in the morning. Medical Examination of various central government recruitment is done here. There is a separate department â€¦
RML_Gov,Government,9 months ago,Too much crowd. Too much time taking procedure. Had to visit with friend in Emergency. Dr. attended patient  within 5-7 min but X-ray and other formalities took more than 2 hours.
RML_Gov,Government,a month ago,"Dr. Namita Chopra in the gynecology department is the worstest doctor of this hospital.
The security personnel here lack basic manners and treat visitors with a â€¦"
RML_Gov,Government,4 months ago,Service is so bad and slow . Even staff doesn't know the procedure they just keep sending you here and there. There are no proper information boards for a lot of things and if you ask the staff starts yelling . Such a negative environment. â€¦
RML_Gov,Government,Edited 2 years ago,"One of the biggest Hospitals in New Delhi after AIIMS. Every medical facility is available here, but the development of this hospital is quite disappointing. Staff are not punctual and rude in behaviour. Overall everything is fine."
RML_Gov,Government,4 months ago,"4 stars for OPD experience:
1. Pre-book your OPD appointment on ORS portal.
2. Visit counter no. 3 of OPD registration desk (near Gate 3) by 7-7.30 am. The â€¦"
RML_Gov,Government,7 years ago,"A good and clean hospital.  Much better than some  other Delhi private hospital who are just aiming for money not caring about patients.  Treatment, services, cleanliness, pricing is good.  Doctor ,nurse and staff are polite may be not â€¦"
RML_Gov,Government,a year ago,"POSITIVE
1. This is the best central government hospital after Aiims.
2. The hospital campus is quite big. â€¦"
RML_Gov,Government,5 months ago,"The Hospital Doctors and staff very Good service Good behavior, very Excellent experience in Heart deceases operations. my mother has heart operation very successfully in this Hospital. we are Suryapet from Telangana, he supported very good, thank you for RML, we given rating 10/10."
RML_Gov,Government,4 years ago,"Facilities are good , doctors behaviour towards patients is polite ...Nurses other workers are rude . Cleanliness is pathetic here especially bathroom area. They don't even have soaps in washrooms. They fake their image that they maintain â€¦"
RML_Gov,Government,7 years ago,"Very good hospital(as per government standard) and PG teaching facility in all the medical specialities, good doctors and fairly supportive staff. â€¦"
RML_Gov,Government,3 months ago,"security staff of Iron man security misbehaved with patients. The concerned personnel used inappropriate language and behaved rudely, causing inconvenience and distress to the patients. The matter requires necessary attention and appropriate action to maintain discipline and ensure patient comfort and safety."
RML_Gov,Government,6 years ago,RML HOSPITAL New Delhi is well maintained and clean hospital in New Delhi area. This is one of the major hospitals for Delhi residence and from all over India. There is a good space for sitting of visitors havind 2 coolers in Appointment â€¦
RML_Gov,Government,3 years ago,"There is no special hospital, the date of the test is very late, at least 3 months but it becomes applicable but very late all the tests are available here The park here is good, there is no provision for drinking proper water here."
RML_Gov,Government,4 months ago,"The doctors behave very badly and are useless. We brought my father in emergency, but they clearly refused saying they will not take him because we had brought him from Sabdarjung. These people said there is no bed, take him to us. Papa had â€¦"
RML_Gov,Government,6 months ago,"Today, I admitted my father, Mr. Virender (UH ID: 625855), to the Emergency Department. I am writing to formally raise serious concerns regarding the conduct of staff, including doctors, nurses, and security personnel, which caused immense â€¦"
RML_Gov,Government,5 months ago,"I am deeply grateful to Unit I of the Department of Gynecology under the leadership of Dr. Renuka Malik, who saved my motherâ€™s life. The entire unit worked tirelessly, even during a gazetted holiday, to save my mother, who had a ruptured tubal twin pregnancy along with dengue. I will always remain indebted to them.â€"
RML_Gov,Government,6 years ago,"Hospital is okay. As it is a government hospital so it is crowded all days. To avoid long queues, book appointment online from rml website. One thing to remember that once you booked a date for appointment then cancel it before the â€¦"
RML_Gov,Government,6 years ago,Ram Manohar Lohia Hospital located on Baba Kharag Sing Mary in New Delhi under Government of India. It is very big Hospital. Parking is not free. Service is very excellent.
RML_Gov,Government,7 years ago,One of the best hospitals of New Delhi as per govt as well as private hospital....emergency staff is way too trained to put all the effort and saves our life's....yes you need to be patient as you are getting all the costly services free of â€¦
RML_Gov,Government,a year ago,One of the biggest hospital in Delhi after aiims or Safdarjung all medical facilities are available here good doctors and good staff behavior
RML_Gov,Government,5 months ago,Worst Dental Department they don't how to do RCT the should be senior doctor but junior doctor is gain experience they do treatment on patient who already suffered alot in tooth pain after having 5 Siting in RCT in 4 months  junior doctor â€¦
RML_Gov,Government,2 years ago,"Worst emergency service I ever seen in any government hospital. Doctors are not serious about the patient. The service provided by any of the volunteer inside the emergency ward is so poor. They don't even want to help the patient, poor â€¦"
RML_Gov,Government,Edited 8 years ago,"Provides good service free of cost.
Doctors are supportive and well trained in their prospective fields.
But never lasting OPD queue is a major turnoff."
RML_Gov,Government,8 years ago,"Staff behaviour is not good, too much crowded. Doctors are very professional and behav well. If you going there so ready to spend so much time. Staff don't provide you correct info about test room or other verifications of preciption...."
RML_Gov,Government,7 years ago,As it is a Government hospital... It is very fine... Doctors are very good and intelligent.. Proper treatment is provided... Well connected to connaught place... However... The lower grade staff behaviour is not so good... They use to be in â€¦
RML_Gov,Government,7 years ago,"Being a government hospital the service is good
Emergency ward is very helpful
24/7 available â€¦"
RML_Gov,Government,6 months ago,They doctors are just having fun ðŸ˜ŒðŸ˜Š at a common man expenses multiple visit (months worth of time and job loss) didn't accept out side reports endocrinologist department is no good just prefer to die or go to a pvt hospitals dont go there. â€¦
RML_Gov,Government,7 months ago,"Extremely disappointed with the behavior of nursing staff in RML Hospital.
My sister delivered a premature baby and is emotionally and physically weak. She is not able to lactate yet (which is medically normal), but the nurses are â€¦"
RML_Gov,Government,7 months ago,Maintainance and basic availability  of basic necessities like statures and Wheelchairs is very poor. Many statures are broken which creates problem to deserving  patients . Maintainance incurred  by Government goes waste...its sad to say â€¦
RML_Gov,Government,Edited a year ago,All staff are helpfull and polite towards patient and management is good of this hospital
RML_Gov,Government,2 weeks ago,Service is good.This institution has been serving people since a long time.
RML_Gov,Government,2 years ago,"This is very Unconvincing, my mother is admit in ward 16, there is no known women in my contact who can stay with her, we are 2 brothers and they are not allowing us to stay, think about those people who goes through this situation, you are â€¦"
RML_Gov,Government,4 months ago,The worst customer experience we have ever had. You are a hospital. Employ caring and receptive staff.
RML_Gov,Government,4 months ago,Worst hospital ever not a single understanding Doctor. No timely checking. They won't even listen to patient.
RML_Gov,Government,Edited 5 months ago,"The present building is extremely old made decades ago, dilapidated, unkempt, shallow, dirty, congested.... A brand new building for opd, and other services should be built as per international standard soon â€¦"
RML_Gov,Government,3 years ago,"Had a good experience there.
Doctors are supportive specially in metrnity ward. I have gone through for delivery of my new born girl child. â€¦"
RML_Gov,Government,4 months ago,bad experience staff behaviour is very bad and no cleaning in hospitals all bad are break and patient sitting no available
RML_Gov,Government,5 months ago,Staff and doctors are not supportive and not attending the patient properly. Behaviour is very rude. I will not recommend to come in this hospital
RML_Gov,Government,Edited 4 years ago,"Doctors of this Hospital are too good, polite and Behave in well mannered way....Management is Good but some improvement require because sometime Security Gaurds are rude and violent on pateints....Lab Testing Facilities are good but a â€¦"
RML_Gov,Government,8 years ago,"If you're coming here for yellow Fever vaccination then try to get your registration done online, I've been sitting here since 9am it's 11am now no word from any of the staff they just tell you to wait because online applicants get the â€¦"
RML_Gov,Government,10 months ago,"Doctor : Lazy and irresponsible.
Nursing staff : arrogant and wrost behaviour.
Lab : Too much irresponsible so many patients are not get reports. â€¦"
RML_Gov,Government,2 years ago,Good Doctors Good care of patients & not too much hygiene but yaa it's hygienic
RML_Gov,Government,9 months ago,"I was admitted in an emergency situation after a fall from bike. I was accompanied by a friend who was not harmed. The SR was helpful for a fellow medical undergraduate. Due to his help, we went without scrutiny as he testified that it was â€¦"
RML_Gov,Government,4 years ago,"Very big hospital, they have not addmiting COVID patient.. the process are slow.. has very big infrastructure and you have to walk and car is not approch to the service except emergency.."
RML_Gov,Government,6 months ago,I am giving only two stars because this hospital facilities are very bad because the staff here is very rude and some doctors also and mainly problem in the medicine department because all medicines are never available here. And this is too much dirt too that's why I gives two stars All these things should be taken into consideration
RML_Gov,Government,a year ago,"Worst Experience. If you want good treatment don't ever go to RML Hospital.
My Nani got dead after 25 days of ICU.
Not only my Nani , 5 more patient those who admitted at the same time are not â€¦"
RML_Gov,Government,3 years ago,"RML HAS BEST HOSPITAL,THERE MANAGEMENT NEED TO WORK ON EFFICIENCY AND EFFECTIVELY. AS PATIENTS HAS TO TROUBLE HARD FOR TREATMENT."
RML_Gov,Government,6 months ago,"Dear Team
Where should the parents accompanying the patient have sat? Why were they not allowed to sit where they were told to? The guard refused and said, ""Don't sit here, what is this?"""
Max_Pvt,Private,3 months ago,"Hi, Mohamed here. My mother had a renal transplant at Max Hospital a few weeks ago. She was admitted to the third floor, and after surgery, everything went well. The service, nurses, and staff were outstanding and very supportive. Everyone â€¦"
Max_Pvt,Private,2 months ago,"â­ 1/5 â€” Very Disappointed with Max Hospital Saket

My experience at Max Hospital Saket was extremely disappointing. The staff â€¦"
Max_Pvt,Private,11 months ago,"This branch of Max Super Specialty Hospital provides top-notch treatment to patients. The medical staff, including both doctors and nurses, are very professional and caring. The supporting staff at the hospital are also commendable. The â€¦"
Max_Pvt,Private,2 weeks ago,"Excellent care under Dr. Harit Chaturvedi and Dr. Rohit Nayyar's team.
My father underwent retropharyngeal abscess drainage surgery and was treated very well. The doctors were available whenever required, explained everything â€¦"
Max_Pvt,Private,a month ago,A very nice modern sophisticated hospital having modern art of advancement technologies. The hospital is equipped with with Robotic technologies for robotic surgeries in different surgical operations. The doctors namely Dr Anand Kumar plays â€¦
Max_Pvt,Private,a month ago,"What a world class hospital this is.Australia needs to learn from them what a hospital is.
The staff nurses and doctors are world first class. â€¦"
Max_Pvt,Private,a month ago,Very helpful in the duties of doctors and nurses while treating patients in the hospital.The hospital is equipped with most modern sientific technological machines like Robotic machine for treatment of Robotic surgeries. The hospital is â€¦
Max_Pvt,Private,Edited 5 months ago,There are no words to truly describe the hospital â€” all I can say is that my experience was very good. â€¦
Max_Pvt,Private,a month ago,"Please do not make the mistake of consulting Dr. Alka Bhasin.

She is extremely unapproachable, unfriendly, and indifferent towards patients. â€¦"
Max_Pvt,Private,2 months ago,"I had a very good experience at Max Hospital. The doctors here are highly professional and knowledgeable. They listened patiently, explained everything clearly, and made me feel safe and confident. â€¦"
Max_Pvt,Private,4 weeks ago,"Recently one of my family member underwent major liver surgery at Max Hospital, Saket, and the experience from admission to discharge was exceptional. The entire process was seamless, and the staff was incredibly cooperative throughout my â€¦"
Max_Pvt,Private,a month ago,"Patient admitted in ICU at Max Hospital Saket for 3 days. Doctors give contradictory informationâ€”one says infection, another says BP issue. When we ask for clarity, doctors get offended and irritated instead of explaining. Extremely â€¦"
Max_Pvt,Private,3 months ago,"I recently visited Max Super Speciality Hospital, Saket, and overall it was a good experience. The hospital maintains excellent cleanliness and hygiene, and the facilities are well organized. The doctors are highly professional, attentive, â€¦"
Max_Pvt,Private,3 months ago,"Title: Excellent Doctor but Extremely Poor Hospital Staff Behaviour

My 85-year-old grandfather was admitted to Max Saket on Thursday, 23rd October, â€¦"
Max_Pvt,Private,3 weeks ago,"Sunday visited to see my brother with my 70 year old mother. extremely rude, Security staff, both on the ground floor and second floor.. asked us to go separately, one by one, in spite of kno koi Kaam wing the condition of my mother, having difficulty in walking."
Max_Pvt,Private,a year ago,"Good Care at Max Hospital, but Some Drawbacks

I recently visited Max Hospital and had a generally good experience. The medical â€¦"
Max_Pvt,Private,3 months ago,â­ 1 Star Review â€” Extremely Disappointing and Unethical Experience at Max Hospital Saket â€¦
Max_Pvt,Private,a month ago,"Doctors are very caring and
responding very quickly. They understand patient need and took immediate action. Other services are also excellent and world class. I appreciate the cohesive team work among doctors and their supporting staff."
Max_Pvt,Private,a month ago,"We are extremely grateful to Dietician Mansi for her dedicated care and guidance during my father Rajeev post-transplant recovery (Room No. 3521). Her diet plans are well-structured, practical, and carefully aligned with post-transplant â€¦"
Max_Pvt,Private,4 weeks ago,"We are so grateful for Mansiâ€™s guidance. She has a wealth of knowledge and knew exactly what the patient needed (and what to avoid) to speed up recovery. Her advice was perfectly suited to the patient's specific needs, and we look forward to her continued support until they are fully recovered."
Max_Pvt,Private,4 months ago,"â˜…â˜†â˜†â˜†â˜† â€” My experience at Max Hospital, Saket (Smart Delhi NCR)

I went to Max Saket for a second opinion after my mother had already completed 8 â€¦"
Max_Pvt,Private,4 months ago,Recently my aunty(Lalnghahmawii from Mizoram)underwent a Heart Valve Replacement under the exceptional care of Dr Sunil Kumar Agarwal(Cardiologist) and his dedicated assistant Kriti Mam.From the very first consultation to the post-surgery â€¦
Max_Pvt,Private,2 months ago,It was nice experience at Room no 3224 under shivani house keeping. Every other staff members are also very polite and helpful. Overall a great experience and want to say thank you to everyone who help us in healing.
Max_Pvt,Private,4 months ago,"It truly felt like a home away from home â€” surrounded by so many wonderful people who cared for me like family. Every smile, every thoughtful gesture, every moment of support made me feel safe, comforted, and deeply valued. â€¦"
Max_Pvt,Private,2 years ago,"One of the best hospitals in New Delhi with advanced machinery for all kinds of scans and operations. Many types of rooms including 1 bedded, 2 bedded and 4 bedded rooms with a few VIP suites. The staff is extremely cooperative and well â€¦"
Max_Pvt,Private,4 months ago,"I have been in Delhi for the treatment of one of my family members. At this hospital, I met many doctorsâ€”some were good, but others were not. The way they treated international patients was very disappointing and not up to standard. I would â€¦"
Max_Pvt,Private,a month ago,"My experience here was awesome, the staff was very good and kind, in short I would say half of your illness and problems would be cured by talking with Dr Rajeev Kumar Rathi, Cardiologist. Pre and Post operative experience and care was also very good. Thank you Ms. Twinkle co-ordinator of Dr.Rathi for felicitation."
Max_Pvt,Private,4 months ago,"Review for Dr. Rajendra Singh

Our experience with Dr. Rajendra Singh was not very satisfactory. We had gone â€¦"
Max_Pvt,Private,3 months ago,"I had a great experience consulting Dietitian Deepti at Max Saket. She designed a personalized nutrition plan that was easy to follow and really effective for my recovery. Her approach is practical, compassionate, and focused on long-term health. Highly recommend her for anyone looking for genuine dietary guidance."
Max_Pvt,Private,2 months ago,Housekeeping service at Max saket is outstanding. I would like to thank the entire team for being always vigil and for their prompt services. â€¦
Max_Pvt,Private,4 weeks ago,"Dr. Vivek Marwah provided confident and reassuring surgical care. Coordinator Ms. Anjali ensured smooth cashless processing. Nursing staff (Anju, Ayushi, Aman, Ankita) and housekeeping Ms. Pinky were caring and professional."
Max_Pvt,Private,11 months ago,"My dad recently underwent a kidney transplant (KTP) at Max Hospital, Saket, under the expert care of Dr. Anant. From the initial consultation to post-surgery recovery, the experience has been outstanding. â€¦"
Max_Pvt,Private,4 months ago,"Hi everyone, I want to let you know that max saket branch is the worst of the worst hospital for cardiology problem. Do not dare to get treated by Doctor Viveka Kumar. He has worsen the condition of my family member patient. Him and his â€¦"
Max_Pvt,Private,3 months ago,Doctors are good no doubt but hospital services are not at all good. Chemotherapy patients have to wait for full day each and every time with prior appointment for the availability of bed. Waiting time is more than the procedure timings. â€¦
Max_Pvt,Private,3 months ago,"Treatments of Dr.Anant Kumar and his team are very satisfied.They are very kind, patient and careful.Hospital's interpreter Mrs.Heli also very kind and patient.She convience almoat all the procedures at hospital for us.All MO Doctors and â€¦"
Max_Pvt,Private,3 weeks ago,Good hospital with top class facilities available.Good for people attached to a panel or have medical insurance. Sometimes overcrowded. Doctors are generally good
Max_Pvt,Private,Edited a month ago,dieaticin mansi is verry good.she explained me very well all diet chart after my surgery also thank you very much .ashish russian translator who helped us a lot thank you.
Max_Pvt,Private,a month ago,
Max_Pvt,Private,a month ago,Mohd Usman (Duty Manager) was very kind and so humble to help us as all refused us for a room but Mohd Usman really took extra efforts so we get a room for my dadâ€™s surgery. He is an exceptional force to reckon with in max hospital. Thanks u so much Usman god bless u always ðŸ™ðŸ» â€¦
Max_Pvt,Private,2 months ago,Very happy with the services provided by the Shivani available in the max hospital Saket. She's super friendly and energetic. She took care of all the cleanliness around my bed. Wish her all the best for future.
Max_Pvt,Private,3 months ago,The nephro team is extremely insensitive and incapable. They believe in aggressive treatment regardless of the capability of the body to handle treatments. The head of nephro has poor 2.5 rating on practo and still manages to be the head â€¦
Max_Pvt,Private,7 months ago,"Had a great experience at the Max Saket for the knee replacement by dr Sujoy bhattacharyajee .
The process was seamless from in and out. The staff the doctors are very caring and someone will be always there to help you 24*7"
Max_Pvt,Private,4 months ago,"Sharing my horrifying and unpleasant experience with Dr. Roopa Salwan at MAX Hospital, Saket. â€¦"
Max_Pvt,Private,3 months ago,"The worst doctor I have ever seen is Dr. Kanika Badra Modi. My relative, who was in the first stage of cervical cancer, underwent an operation a month ago at Max Hospital in Delhi. The entire abdominal area was cut open. I could have shared â€¦"
Max_Pvt,Private,2 months ago,My wife went there. she had an appointment with dr Manju khemani. Sheâ€™s so inhumane that she used disrespectful words. Very unprofessional and unethical doctors. The arrogance she carried. If a postman thinks that he only knew where to put â€¦
Max_Pvt,Private,3 months ago,"I'm highly impressed by the behavior and services given to me during my treatment by the hospital staff . All the staff members are soft spoken humble cooperative and caring . I specially very great full to  Dr Mansi sharma, ditesian,  Dr Raghav sir, Dr Shivangi for their helpfulness and generosity"
Max_Pvt,Private,5 months ago,"The doctors at this hospital are excellent and very supportive â€” in fact, Iâ€™d say theyâ€™re the best aspect of the hospital. However, the management, particularly the room allocation and administration department, is extremely disappointing. â€¦"
Max_Pvt,Private,a month ago,Really great experience having Ms Mansi as dietician at Max Saket. Took care of patient requirements according to their reports and made customized diet plan. â€¦
Max_Pvt,Private,2 years ago,"Max Hospital is one of the most reputed hospitals in Delhi. It is located in prime locations in south Delhi and has the specialty to deal with or cure almost every disease or problem. However, if you visit and check the hospitalization cost â€¦"
Max_Pvt,Private,a month ago,"If youâ€™re coming for treatment at Max Hospital Saket, Urban Oasis can be the ideal place to stay. Its close proximity to the hospital makes travel effortless and  create a homely, comforting environment during a challenging time."
Apollow_Pvt,Private,5 months ago,"Apollo Hospital offers outstanding medical care with top-notch facilities and a highly professional staff.
From the moment you enter, the environment is clean, well-organized, and â€¦"
Apollow_Pvt,Private,2 months ago,"All the staff at the hospital were very friendly, also always ready to help me, being an Aussie,
I didnâ€™t know my way around but they were very willing to help me at every turn. â€¦"
Apollow_Pvt,Private,3 weeks ago,After reading all the good reviews of other's I would personally give only 1 star to apollo hospital Delhi. Actually they don't deserve 1 star also because of the staff's rudeness attitude towards their patients. I have seen these apollo â€¦
Apollow_Pvt,Private,3 weeks ago,"Apollo Hospital is a very good hospital. The doctors are highly experienced, the staff is cooperative, and the facilities are excellent. Overall, it was a great experience. Thank you."
Apollow_Pvt,Private,2 months ago,"I walked into Apollo with a broken nose, a freak accident where I slipped and banged my face, terrified, swollen, and unsure of what was going to happen. Dr Shahin Nooreyadazan and Dr Girish Raheja operated on me together with a full team â€¦"
Apollow_Pvt,Private,3 months ago,"â˜…â˜†â˜†â˜†â˜†

Absolutely horrible experience at the OPD Nephrology department of Apollo â€¦"
Apollow_Pvt,Private,5 months ago,"I would like to express my deepest gratitude to Indraprastha Apollo Hospital, New Delhi, especially its Neurosciences Department and Physiotherapy Department, for the outstanding care I have received during my recovery journey. â€¦"
Apollow_Pvt,Private,7 months ago,"Indraprastha Apollo Hospital is one of the leading multi-specialty hospitals in Delhi, known for its advanced medical technology and experienced doctors. Many patients appreciate the quality of care, cleanliness, and professionalism of the â€¦"
Apollow_Pvt,Private,a month ago,"I underwent surgery at the hospital, and my overall experience was truly excellent. Dr. Pawandira Lal is highly skilled, well-experienced, and extremely professional. He handled my case with great care, confidence, and precision, which gave â€¦"
Apollow_Pvt,Private,2 months ago,"When we arrived at the Indraprastha Apollo Hospital, we got an immediate attention and a very prompt action was taken by Dr Sahni's team and Dr Akanksha Chawla. Huge thanks to their team and I was guided by a helper to take me to the â€¦"
Apollow_Pvt,Private,2 months ago,"Overall experience was good. The doctors and hospital staff were professional, supportive, and well-behaved. â€¦"
Apollow_Pvt,Private,a month ago,"My experience was very good. Itâ€™s expensive but I think itâ€™s worth the money you pay for the service and experience you get. Dr. Akhil Mishra was such a wonderful person, he simply take all our worries away. Overall everyone in the hospital was helpful. Everything is well maintained and super easy to follow"
Apollow_Pvt,Private,7 months ago,"â­â­â­â­â­ 10/10 â€“ Outstanding Experience

I had an excellent experience here. The doctors, nursing staff, administration, â€¦"
Apollow_Pvt,Private,5 months ago,"â­ï¸â­ï¸â­ï¸â­ï¸â­ï¸

I had a very positive experience at Apollo Hospital, Indraprastha, Delhi. The â€¦"
Apollow_Pvt,Private,2 months ago,"I am very grateful for the care I received at Apollo Hospital. Despite the influx of patients from various backgrounds, the hospital manages to attend to and give due attention to all patients. I could see that the doctors and their teams â€¦"
Apollow_Pvt,Private,2 months ago,I lost my father due to Dr. S K Gupta Cardiologist and Apollo Hospital. When there was a need of urgent attention His attitude was very casual towards patient and he only focuses on imparting pacemakers and other devices worth 10 lakhs and â€¦
Apollow_Pvt,Private,a month ago,"Dr. Yuvakshi Juneja and team at Apollo Cradle & Children's Hospital, Chirag Enclave, Delhi (Obstetrics and Gynecology) are outstanding!
Our family has trusted them for yearsâ€”my wife has had two healthy deliveries, my â€¦"
Apollow_Pvt,Private,4 weeks ago,"Our stay in the hospital has been great. Extremely professional, extremely good at diagnosing, caring, guiding to the right decisions and finally operating our daughter. We had a translator, a cooker, and many many professionals visiting us ! Can find an equivalent in Europe for this price for sure"
Apollow_Pvt,Private,a month ago,My overall experience was truly great. The doctors and nurses are amazing when it comes to caring for your sick one. I am greatful to your staff and doctors who operated on my daughter. She has her life and that all that is really matters.
Apollow_Pvt,Private,a month ago,"I thank the professionals of Apollo hospital new Delhi from the cleaners to the top most.
Mostly Dr BN Das,very understanding with a sense of humour and to earth treated â€¦"
Apollow_Pvt,Private,9 months ago,"The best hospital in Delhi. Staff, from top doctors to nursing, to even security guards, everyone is kind and cooperative. Yes it's tough to get bed and parking here but it's worth it."
Apollow_Pvt,Private,5 months ago,"I recently went for an Executive Health Check-up at Indraprastha Apollo Hospital, Delhi, and I must say the entire experience was outstanding. From the moment I arrived, the process was smooth, well-coordinated, and extremely professional. â€¦"
Apollow_Pvt,Private,3 months ago,My wife was admitted here for onco surgery. Overall performance of Nursing staff was excellent but here I would like to mention specifically about nursing staff Ms Neha Verma . Her behaviour and performance was outstanding. She is a â€¦
Apollow_Pvt,Private,2 months ago,"I would like to express my heartfelt gratitude to the entire team at Apollo Hospital for the exceptional care provided to my 6-year-old daughter during her recent treatment. The doctors, nursing and all ICU staff truly went above and â€¦"
Apollow_Pvt,Private,3 months ago,"I undergone both knee surgery.  Dr Vipul Vijay is very competent surgeon. Apollo hospital has best medical facilities, Also very comfortable stay of patient and attendant. All staff are very well behaved and cooperative. I was in hospital â€¦"
Apollow_Pvt,Private,Edited 3 months ago,"My experience so far has been superb.
Just from pick up from the airport, my accommodation at the hotel and hospital review. â€¦"
Apollow_Pvt,Private,Edited a month ago,"It is one of the best hospital around. Doctors are kind and know there work in detail. I got my spine surgery done here by Dr. Sudheer Tyagi who done his job perfectly. After 3 days of surgery I am out of pain which I had before surgery. Post surgery pain is almost zero, On duty staff is kind and treats you like a family member."
Apollow_Pvt,Private,a month ago,"Hi Vandana Sharma this side. My uterus operation happened here(APOLLO CRADLE) in JAN 2026 under DR.MITA VERMA. Best hospitals to recommend for surgery. BEST hospital staff, nurses, floor manager, cleaning staff everyone was very best in their work and nature. THANK YOU APOLLO CRADLEðŸ™ðŸ˜‡ â€¦"
Apollow_Pvt,Private,3 months ago,"We had excellent experience at Appolo Sarita Vihar from 22nd to 25th Oct 2025. My
Father(elderly) suffers from acute COPD and had a surprise detection of a packed â€¦"
Apollow_Pvt,Private,2 months ago,Good and hygienic hospital. Renowned doctors and state of the art hospital.  Staff and management is super kind and helpful. It's important to mention their helpfulness and kindness because when you are at hospital you need more mental â€¦
Apollow_Pvt,Private,2 months ago,"I sincerely thank Indraprastha Apollo Hospital, Delhi for the excellent care during my kidney transplant. The doctors, nurses, and staff were highly professional, supportive, and caring throughout the treatment. I truly appreciate the â€¦"
Apollow_Pvt,Private,2 months ago,"My experience was really bad. I had taken the MAHS advance health checkup.
I have an ovarian cyst, not even that big, but I was scared, and all cancer tests were done, okay, tests were done, they were fine. Dr. Supreet Kaur Sandhu told â€¦"
Apollow_Pvt,Private,3 months ago,"My brother had a kidney transplant surgery done at Indraprastha Apollo hospital, Jasola Vihar, Delhi under Dr. Sandeep Guleria.
No doubt, the doctor is a top notch highly professional doctor. He is brilliant â€¦"
Apollow_Pvt,Private,5 months ago,"Apollo Hospital truly stands out as one of the best hospitals, as they attend to patients with urgency and care, always prioritizing the seriousness of each case. I would like to especially thank Dr. Debnath (Neurosurgeon) â€” a doctor with â€¦"
Apollow_Pvt,Private,4 weeks ago,"To ,seema Gupta,
From suruchi
Date:17/1/26 â€¦"
Apollow_Pvt,Private,5 months ago,Good hospital with excellent doctors and nurses with all specialties
Apollow_Pvt,Private,3 months ago,"Prof. Om Prakash Sharma (Ph.D.)
Kathmandu, Nepal
As a retired Professor from Tribhuvan University, Kathmandu (aged 70+), I have â€¦"
Apollow_Pvt,Private,a month ago,"Medical care is good, but infrastructure is lacking. I had doctor appointment but couldn't consult as there was no parking. Valet parking service is also only for display. There was no person to take care. In lean time you will get the â€¦"
Apollow_Pvt,Private,6 months ago,"Apolo is very big hospital. Buliding is huge.
You will find big parking area, which is very systematic.
For any checkup first you need to create your file, for this counters are â€¦"
Apollow_Pvt,Private,a month ago,"My father was admitted at the Apolly Jasola Hospital on the 20/12 & diagnosed with Pneumonia. Was in the ICU for the first 4 days & thereafter the remaining 4 night at the ward. I must say teht it was incredible, the way they treated the patient & also there family members, was very kind & cooperative."
Apollow_Pvt,Private,4 months ago,"Very supportive staff and all services are prompt .
Doctor Smita Malhotra is a very excellent & kindhearted doctor , treating her patient just like personal child , very good behaviour , I never feel like any â€¦"
Apollow_Pvt,Private,3 months ago,"Doctors are really good but apollo management is dangerous they will pull down chaddi, and if you have insurance claim they will exhaust full estimated amount and despite of cashless claim they will ask for cash amount to deposite in my â€¦"
Apollow_Pvt,Private,2 months ago,"my name is sohail khan and Three days ago, I was admitted to the hospital because of a road accident. I had a fracture in my leg, and the doctor said a rod needed to be inserted. I was very scared, but Dr. Vibhu Wahl encouraged me a lot and explained everything to me clearly, assuring me that everything would be safe and fine."
Apollow_Pvt,Private,a month ago,"Hospital services are good.
Dr Sujit Chaudhary is a senior and good pediatric surgeon. Nursing staff is really very caring and dedicated for the baby.
Baby Parents- Bed No. 3506"
Apollow_Pvt,Private,4 months ago,"I had an excellent experience here. The doctors, nursing staff, administration, housekeeping, and management were all exceptional. Everyone was polite, empathetic, and highly professional. The hospitality truly stood out, making me feel well cared for throughout."
Apollow_Pvt,Private,4 months ago,Very clean OPD section and well marked. Location wise bit south of main Delhi but that's okay. Just 200 meters from the Hospital Gate to the Jasola Metro Station. Overall a Professional Organization and everyone is helpful. Good Number of Restaurants and Cafe within the OPD building
Apollow_Pvt,Private,4 months ago,"Worst Hospital We have ever seen in our life.
The Hospital only provide the hotel type Facilities, but unable to provide a good treatment to patients. â€¦"
Apollow_Pvt,Private,3 weeks ago,Visited for my friends mother treatment. Dk where it is a hospital or huge shopping mall . I think some people were touring it excepting to be mall or something . Great hospital has many amenities and services although luxury and costly
Apollow_Pvt,Private,2 months ago,"â€œA multi speciality hospital with best in class servicesâ€â€¦
Doctor Atul Ahuja heard my problem with utmost patience and resolved all my queries and doubtsâ€¦ During hospitalisation, all the staff including Nursing, â€¦"
Apollow_Pvt,Private,7 years ago,Good team of doctors and support staff. The hospital is clean and well maintained. â€¦
Fortis_Okhla_vPt,Private,2 months ago,My name is Marat. I was a patient from Kyrgyzstan ðŸ‡°ðŸ‡¬ and I underwent a liver transplant. I want to express my deepest gratitude to Dr. Mohd Qaleem ðŸ©º for his professionalism and the excellent liver transplant surgery. He saved my life â¤ï¸â€ðŸ©¹. â€¦
Fortis_Okhla_vPt,Private,3 weeks ago,"Nurse Phuspa Dogra from the Uro Daycare is extremely caring, polite, and dedicated to her work. She handles patients with great patience and kindness. Her professional attitude and calm nature make patients feel comfortable and safe. She â€¦"
Fortis_Okhla_vPt,Private,3 weeks ago,"We recently visited Fortis Escorts for CABG surgery, and by Godâ€™s grace, the surgery was successful. We are truly thankful for the excellent support provided by the doctors, nursing staff, and PCS team. â€¦"
Fortis_Okhla_vPt,Private,3 weeks ago,"My experience at Fortis Escorts Heart Institute was very good. Dr. Aparna and team is highly knowledgeable, calm, and explained the diagnosis and treatment plan in a clear way. The hospital staff and nurses were polite and attentive â€¦"
Fortis_Okhla_vPt,Private,a month ago,"Being a Nurse working in this hospital and now experiencing the services as a patient has given me a unique perspective. Overall, my treatment and medical care have been satisfactory I am sincerely grateful to the Dr Pankaj Panwar his â€¦"
Fortis_Okhla_vPt,Private,2 weeks ago,Myself Waqar bhat from Jammu and Kashmir we appreciate there high skills and techniques and we have best experience with fortis escorts.itz magical place for us because My child is feeling very good now after undergoing a critical â€¦
Fortis_Okhla_vPt,Private,a month ago,"â­â­â­â­â­ Outstanding Care & Exceptional Doctors

We went through a very difficult phase when my father was diagnosed with severe â€¦"
Fortis_Okhla_vPt,Private,3 weeks ago,Dr. Z S Meharwal is a renowned heart surgeon known for his exceptional skills and compassionate care. Patients often praise his thorough approach to diagnosis and treatment. He takes the time to explain medical conditions and treatment â€¦
Fortis_Okhla_vPt,Private,a month ago,"1. Proper queue and guidance for CGHS empanelled people
2. Doctor appointment and patients were send according to queue. So everything was properly managed â€¦"
Fortis_Okhla_vPt,Private,2 weeks ago,"The related experience l had in mind for fortis escort hospital remained one of the best to tell and explain as all the doctors, nurses and staff and non staff members have shown such a great job and provided healing servics. I specifically â€¦"
Fortis_Okhla_vPt,Private,7 months ago,"Going thru Primary Health Check up facility at Fortis Escorts Heart Institute, Okhla Road New Delhi is just wonderful experience ðŸ˜€. â€¦"
Fortis_Okhla_vPt,Private,a month ago,"I am very satisfied with the care we received at this hospital. Dr.Ritwik raj was knowledgeable, attentive, and genuinely caring, which made us feel confident and at ease. The nursing and support staff were friendly and efficient, and the â€¦"
Fortis_Okhla_vPt,Private,5 months ago,We are really pleased with the services provided by the hospital in onco daycare. The staffs are very gentle and cooperative. I would specially like to thanks dipika who is a nursing staff. She is very prompt and professional and she is extremely cooperative and she does ger work perfectly.
Fortis_Okhla_vPt,Private,6 months ago,"Worst services you'll ever receive from a hospital. My mother, who was unable to move her head due to spine issue was on bed even before admission into the hospital was taken for an MRI scan in the hospital basement. Due to heavy rainfall, â€¦"
Fortis_Okhla_vPt,Private,Edited a month ago,"Dr K s Iyer is the only reason for hope of best surgery as well as treatment childrens are getting. He is the best human being in each and every thing from implementing safe and transperant protocol that are missing at most of private,govt â€¦"
Fortis_Okhla_vPt,Private,5 months ago,All 8 chemotherapy done successfully. Thank you dr Imraan & team for wonderful work & help.
Fortis_Okhla_vPt,Private,a month ago,Hi! I am Dr. Ashutosh and my father was admitted to FEHI as he had Ventricular Tachycardia. He was managed very swiftly and ICD was inserted. He was given very good care. Especially the food provided was of good quality and taste. I am very satisfied with the services provided by hospital staff.
Fortis_Okhla_vPt,Private,a month ago,I have been in touch with Fortis during the time of my baby's treatment and I found everyone over here highly supportive. Dr. Ashutosh Marwah and Dr. Krishna Subramony Iyer they are brilliant and the way they treated with patient and â€¦
Fortis_Okhla_vPt,Private,2 months ago,We had a great experience with PCS Gaurav Singh! He was extremely helpful and patient in assisting my family with sorting out our final bill. He explained everything clearly and made sure all our concerns were addressed. Really appreciate his professionalism and support â€” highly recommended PCS team Gaurav Singh.
Fortis_Okhla_vPt,Private,2 weeks ago,"I am writing this review as a kidney donor, and my experience at this hospital was a painful contrast between outstanding doctors and deeply disturbing ICU care. â€¦"
Fortis_Okhla_vPt,Private,3 weeks ago,"I was billed and charged for 11 medical tests, but only 9 tests were actually conducted. The remaining 2 tests were neither performed nor was any information given to the patient about why they were not done. â€¦"
Fortis_Okhla_vPt,Private,a month ago,"I came here in Fortis Escosrt Heart Institute.
I came here to do  HIPEC surgery ,to doctor Archit Pandit.He is the best of the best. â€¦"
Fortis_Okhla_vPt,Private,2 weeks ago,Extremely disappointing and stressful experience at Fortis Escorts Heart Institute. â€¦
Fortis_Okhla_vPt,Private,a month ago,Approached Dr Sanjay Verma for gallbladder surgery of my wife. She is an heart patient with low LVEF and AICD implanted. It was a high risk surgery and was ignored by many hospitals. The confidence shown by Dr Sanjay Verma in our first â€¦
Fortis_Okhla_vPt,Private,3 weeks ago,"Ms. Pushpa Dogra . Uro daycare. Was good meeting her , felt like home , good care & hospitality. So is Doctor pankaj Panwar . Good team.. You feel ur in right, safe hands during treatment , during consultation."
Fortis_Okhla_vPt,Private,a month ago,"The medical treatment, especially the MICS CABG surgery performed by Dr. Ritwick Raj Bhuyan, was excellent and I am grateful for the senior doctors and their expertise. â€¦"
Fortis_Okhla_vPt,Private,4 weeks ago,"In terms of money loot, the hospital has a expertise. They will keep you in ICU and charge, whatever they want. Initial, they will give estimate and later on they will add extra unnecessary money. Very bad experience from Fortis management."
Fortis_Okhla_vPt,Private,4 months ago,"Feedback for Fortis Escorts Heart Institute, Okhla

During my fatherâ€™s recent 4-day stay at Fortis Escorts Healthcare, Okhla, I â€¦"
Fortis_Okhla_vPt,Private,4 months ago,"Fortis Escorts Hospital- Okhla.
Absolutely pathetic service. There are 5 counters at the reception and out of them I have been to 3 and nobody just bothers to do OPD billing. â€¦"
Fortis_Okhla_vPt,Private,2 months ago,"Fortis Hospital doctors are very caring, and the management, patient care and billing departments are excellent and very supportive.
The Z. S. Mehrawal team is highly experienced, and the staff is cooperative and â€¦"
Fortis_Okhla_vPt,Private,a month ago,"Sister Pushpa, Uro Day Care Staff, is very co-operative and friendly. She has given IV injection to my spouse with very soft hand. I am very glad to meet her first time. God Bless her and have a healthy life. Thanks Fortis Health care and Dr Minoo Fazilat for facilities provided to us."
Fortis_Okhla_vPt,Private,a month ago,Best hospital for all services and specially for health checkup. Am doing my health check every year in fortis escorts. Incharge miss yamini she's very helpful and advice everything and all test are very smooth. Sister poonam also very helpful
Fortis_Okhla_vPt,Private,a month ago,"""Just had an amazing experience at the hospital! ðŸŒŸ The staff were super caring and attentive, made me feel at ease The facilities were top-notch and clean. In billing counter executive Madhuri was super helpful..... â€¦"
Fortis_Okhla_vPt,Private,3 weeks ago,"Respected Dr Z S Meharwal & his team along with Dr Avi from Pulmonology department, team from Nephrology & Urology department has done excellent efforts while treating my father, Sh Jaikishan Aggarwal
I am short of words to convey my sincere thanks ðŸ™ â€¦"
Fortis_Okhla_vPt,Private,4 months ago,"Big gratitude is due to all the team members of Oncology department of Fortis Escorts Heart Institute(Okhla).
I am Kisi Assefa Dosho from Addis Ababa, Ethiopia. â€¦"
Fortis_Okhla_vPt,Private,3 months ago,I'm Altona Mother of Baby Aisha Ali. We came from Suda after getting knows that's my doughter she most do urgent heart surgery. Once we reach We start the investigation immediately and Dr K S Iyer inform us that's we should do the surgery â€¦
Fortis_Okhla_vPt,Private,6 months ago,"I'd like to give my feedback for the housekeeping team.these staff are very nice.punctual,politeand ready to provide services.
Excellent room's and washroom"
Fortis_Okhla_vPt,Private,7 months ago,"I wanted to take a moment to express my heartfelt gratitude for the exceptional care and kindness shown by Pushpa Sister to me during my treatment at the Uro Day Care unit. Her compassionate nature, gentle touch, and soothing words made me â€¦"
Fortis_Okhla_vPt,Private,3 weeks ago,Dr Azmat Karim one of the best Pulmonologist . Had a wonderful experience with doctor as well as staff. And special thanks to Mrs Manju ji for her all time support and cooperation.Overall Good experience
Fortis_Okhla_vPt,Private,5 months ago,"Thanks to International  patient department of Fortis Escorts Heart Institute okhla who takes care of their patients very well , patient logistics, visa facilitation, stay, local support , patient treatment and all supports are provided to patients. I m very happy to have associated with fortis Escorts heart institute okhla ðŸ‘ â€¦"
Fortis_Okhla_vPt,Private,a month ago,"Very disappointing experience. Dr. Vishal Rastogi did not properly review my fatherâ€™s reports. After asking about insurance, he immediately advised hospital admission without clearly explaining the medical issue. The consultation felt â€¦"
Fortis_Okhla_vPt,Private,2 months ago,We went for the bypass surgery of my father at Fortis Hospital through CGHS panel. â€¦
Fortis_Okhla_vPt,Private,3 weeks ago,Brother Pintu at vaccination centre has been extremely efficient and administered the vaccine with due care. Provided all necessary information. Thanks.
Fortis_Okhla_vPt,Private,2 months ago,Dr. Ankur gupta is amazing doctor in internal medicine in fortis okhla. He is very kind and humble.. And staff here in billing namita and tarun is very helpful.. Good experience
Fortis_Okhla_vPt,Private,4 weeks ago,"Excellent service by Ms.Madhuri at billing counter 5th floor in respect of billing n pro
per guidance.Same for sister Ranjana. â€¦"
Fortis_Okhla_vPt,Private,5 months ago,The best anniversary celebrations for our parents by the entire staff at Fortis Escorts. Truly special.
Fortis_Okhla_vPt,Private,a month ago,Fortis hospital is one of the best hospitals for heart patients. My father consulted dr. Ashok Seth. I hv seen many good changes in his health. Best hospital for heart patients.
Fortis_Okhla_vPt,Private,Edited 3 weeks ago,Very good satisfactory experience thanks to All doctors and staff who's taken care of me during the treatment and Special thanks to Dr. Ritwic Raj Bhuyan and Dr.Vivudh Partap Singh
Fortis_Okhla_vPt,Private,2 weeks ago,Fortis escorts hospital is very good hospital service also good billing staff very helpful dr Ankur Gupta good doctor we are coming first tym here priti mam helpful me for registration and billing
Fortis_Okhla_vPt,Private,5 months ago,"Had a great experience with fortis hospital treatment and services. Very cooperative and supportive doctor, nursing staff and other service staff"
